"V","D","rho","I","Sb","y"
6.95,173.6,1.15943812538126,0.142446043165468,0.0846905832538237,40.42
5.6,24.72,1.25856623475106,0.0857142857142857,0.0684748893533419,14.44
9.17,270.6,1.17719021385945,0.103598691384951,0.405462631801068,64.02
10.41,171.5,1.14120888228042,0.0778097982708934,0.465979802600523,77.96
17.11,48.11,1.23069055833702,0.0806545879602572,0.142057076841519,101.41
9.85,294.1,1.2421991843305,0.0781725888324873,0.154054563441805,73.07
8.91,265.6,1.17469987158892,0.0785634118967452,0.485703629186202,47.39
7.72,24.96,1.24972049992526,0.0958549222797928,0.170372804588655,40.18
12.33,286.1,1.19591471347739,0.0681265206812652,0.201640365240414,99.8
8.89,174.7,1.16587710660188,0.129358830146232,0.0892180193988893,76.14
13.92,186,1.23145609328938,0.0373563218390805,0.335235005437199,101.54
5.2,309.9,1.24533043961425,0.111538461538462,0.0301042564232726,9.41
7.26,331,1.19562487959564,0.0578512396694215,0.686423595950987,42.43
7.67,302.5,1.15695086246795,0.075619295958279,0.651592974509478,48.38
8.29,183.7,1.2487769572695,0.133896260554885,0.0624974456005744,99.87
10.64,195.3,1.11403426436313,0.101503759398496,0.128927677634132,70.02
6.51,247.1,1.13483391694663,0.130568356374808,0.177508951173582,12.53
9.92,209.7,1.13466734683969,0.0362903225806452,0.44747802047769,69.68
10.99,245.7,1.15695907019064,0.151046405823476,0.157005756313462,86.24
9.15,355.2,1.19155011615802,0.0797814207650273,0.150649589949959,63.25
11.17,165.9,1.23223811418253,0.119964189794091,0.0280158857067838,99.64
8.15,352.1,1.25571873729193,0.094478527607362,0.0551886790099031,51.61
9.9,285.1,1.19523460609115,0.106060606060606,0.304953235223121,35.45
6.39,144.4,1.17176519080231,0.100156494522692,0.070633298360588,19.02
10.63,220.8,1.19879172060323,0.117591721542803,0.107016363545683,95.29
9.53,153.1,1.21880647121507,0.0912906610703043,0.0686422995033238,71.2
9.53,208.1,1.18781422559994,0.218258132214061,0.122168505519544,76.41
8.61,312.2,1.29897655043204,0.0336817653890825,0.504700957389928,62.13
4.61,90.9,1.26762712937077,0.0759219088937093,0.164981524015298,1.83
10.32,46.93,1.25915899064901,0.0833333333333333,0.162955814936836,90.91
9.19,0.35,1.17931642251603,0.0957562568008705,0.116607244807042,72.12
3.99,281.4,1.25351630653728,0.0952380952380952,0.0620968792728777,-0.4
8.63,337.7,1.21367161148491,0.0428736964078795,0.474519779826791,37.99
6.58,125.7,1.15016665559544,0.218844984802432,-0.0235052993767497,80.21
5.63,45.63,1.18583769105341,0.0976909413854352,0.00790474166335303,16.57
4.43,169.6,1.12164134551045,0.18058690744921,0.215720713649137,6.44
11.17,172.6,1.20121634608499,0.0161145926589078,0.245771376802625,90.21
8.29,101.3,1.2325841146425,0.0627261761158022,0.322398914944969,58.9
5.12,302.9,1.23592184145132,0.033203125,0.466560722653266,4.86
4.39,222.5,1.17076426680158,0.082004555808656,0.130238357968885,6.62
6.79,260.3,1.20247706137098,0.053019145802651,0.50466757676757,23.59
11.68,307.1,1.16237225077305,0.0873287671232877,0.121152509811614,79.16
10.55,221.7,1.27207436818757,0.0739336492890995,0.338197247913384,98.96
5.47,306.3,1.26944304822005,0.0255941499085923,0.404166121620456,9.3
5.08,247.4,1.26910534934277,0.0866141732283465,0.438460209828227,17.58
10.16,282.6,1.20843549440803,0.103346456692913,0.0937743903569153,66.68
7.64,12.31,1.20741122082298,0.102094240837696,0.131755764424233,57.95
16.54,277.3,1.20898697506126,0.0792019347037485,0.177457557888678,101.49
11.76,248.8,1.23007289773678,0.0909863945578231,0.0925646460583343,100.41
4.25,74.61,1.229588032712,0.338823529411765,0.0852375110571495,-0.45
12.44,189.7,1.15212790155031,0.0618971061093248,0.43228572761257,100.98
6.9,120.7,1.24585941187673,0.188405797101449,-0.320219369958362,100.3
9.07,163.8,1.18732586210013,0.100330760749724,0.0196788003695046,89.87
5.5,325.3,1.19883287949356,0.138181818181818,0.185209736490977,7.01
9.54,240.3,1.16942913453011,0.079664570230608,0.600537586724194,62.3
5.62,169.1,1.15382110630425,0.0729537366548043,0.579217106941089,11.84
8.59,261,1.27784737634999,0.0186263096623981,0.191627365893874,40.9
3.58,144.7,1.11825719526249,0.103351955307263,0.121130070311039,-0.5
5.07,264.7,1.17106580036225,0.0355029585798817,-0.196920226237156,2.11
5.5,222.7,1.17605417112138,0.0909090909090909,0.531275028683358,11.31
8.11,224.4,1.1686235335304,0.0863131935881628,0.424233488826844,57.41
4.36,230.5,1.12910226627203,0.0665137614678899,-0.0702027300660526,1.93
9.83,51.03,1.26235800183585,0.0966429298067141,0.200885940842709,78.7
5.96,348.5,1.25415732058653,0.0268456375838926,0.324463441371863,19.15
6.54,8.67,1.186961142106,0.0611620795107034,0.165656140423377,42.12
5.53,228.3,1.31165137717529,0.0723327305605787,-0.102053251440361,26.92
3.81,206.4,1.16028458014026,0.115485564304462,0.422537345490809,-0.52
14.37,191.7,1.16814379601998,0.0187891440501044,0.449001412292798,101.47
5.91,1.77,1.19087647988074,0.0423011844331641,0.12762533796232,12.96
12.28,240.5,1.15582623928678,0.127035830618893,0.301778020235422,100.75
9.49,292.2,1.15254523636072,0.0273972602739726,0.472948741385807,63.12
10.93,152.1,1.18038380995651,0.0411710887465691,0.346811664593643,87.68
9.63,5.6,1.20257869207849,0.0654205607476635,0.115998942956211,91.52
7.76,79.38,1.17736473192092,0.038659793814433,1.26533060708709,25.18
6.48,287.2,1.16893776597305,0.037037037037037,0.567059103722631,17.58
7.59,245.5,1.11819923229366,0.154150197628458,0.0926269133528412,27.72
8.73,237.8,1.1340435962378,0.103092783505155,0.059305079819062,47.03
5.24,247.8,1.27983983901728,0.0954198473282443,0.10413923046778,6.26
4.59,30.47,1.21159673397836,0.309368191721133,-0.00965753722731758,1.82
11.9,188.6,1.13738971159951,0.0689075630252101,0.824488339754378,90.88
10.55,203.8,1.19259045035625,0.0881516587677725,0.0749401700257222,85.55
8.15,302.7,1.29055455913736,0.0429447852760736,0.360190477917082,52.35
10.78,194.4,1.26384129842943,0.025974025974026,0.255193440265872,97.78
16.15,44.46,1.23188080902077,0.0761609907120743,0.16408192839769,101.37
13.36,3.88,1.20717490011198,0.100299401197605,0.171014683154192,101.49
8.08,146,1.1725536843745,0.116336633663366,0.10411723819979,51.92
14.26,193.9,1.27949775329803,0.0575035063113604,0.141486491612039,101.48
9.74,202,1.13074455279776,0.0513347022587269,0.437137134574078,69.41
13.99,158.3,1.13795115116524,0.0986418870621873,0.127429014806111,101.39
8.33,169.1,1.15551889870748,0.123649459783914,0.460599528558585,39.24
8.2,65.8,1.24506779071097,0.154878048780488,0.249130139395412,58.04
8.44,303.3,1.16055886276453,0.177725118483412,0.189447524268652,58.55
4.2,303.7,1.19890581332341,0.123809523809524,0.0481151678636343,5.24
4.12,108.6,1.1516527204675,0.257281553398058,-0.259225777444592,13.01
9.53,345.6,1.22194267780383,0.100734522560336,0.238436891627548,89.22
4.68,96.7,1.26808054219947,0.0641025641025641,0.198456022863007,4.77
8.27,210.1,1.23740309182571,0.0652962515114873,0.0516272429469185,51.78
4.92,118.1,1.16651169688264,0.184959349593496,-0.4147384872465,60.37
10.89,291.7,1.27155352326691,0.0440771349862259,0.36736010740518,43.59
7.8,310.9,1.23564318425254,0.115384615384615,0.23719634604681,48.18
7.31,154.5,1.15565386276561,0.135430916552668,0.517793121666359,58.72
4.19,226.2,1.30779530053917,0.0763723150357995,-0.0627212513062639,-0.41
11.43,222.7,1.14788453524375,0.10586176727909,0.207628580956191,98.36
7.39,76.21,1.1805843818813,0.0703653585926928,0.592410593468431,9.42
8.63,334.8,1.23102927888025,0.0301274623406721,0.408584435038229,61.35
6.25,243.3,1.15080110586504,0.0288,0.292039249621922,14
7.89,279.9,1.15051494954572,0.0304182509505703,0.781424753778887,2.68
12.43,256.6,1.2659427921518,0.103781174577635,0.134437869877711,101.31
3.83,180.1,1.1425383030097,0.120104438642298,-0.204841219138604,13.19
9.97,227.1,1.13546087337086,0.106318956870612,0.0863163229537957,75.18
4.51,242.9,1.32683534722919,0.106430155210643,0.673754274665567,10.69
4.37,127.3,1.15237367945747,0.25629290617849,-0.175837443838503,29.21
6.55,216.6,1.12469300646767,0.0946564885496183,0.551455115285073,28.87
4.43,332.1,1.19465893186366,0.124153498871332,-0.0495830869794458,4.25
12.22,200.3,1.26193634616151,0.0564648117839607,0.347560255652567,101.5
5.43,346.5,1.24340531880812,0.0994475138121547,-0.00408690099320004,9.06
4.05,28.01,1.16615172429548,0.269135802469136,-0.07017835429375,-0.84
5.22,226.9,1.12549150685569,0.126436781609195,0.186320073961321,8.12
10.31,315.4,1.20731103305469,0.078564500484966,0.0946283684056872,82.56
6.7,63.33,1.16317988149429,0.0522388059701493,0.623590444894218,24.19
8.16,205.8,1.16871048353334,0.0367647058823529,0.820433765954689,50.9
4.36,87.6,1.24791900971197,0.139908256880734,0.287887529363852,-0.99
12.66,191.6,1.15684577726631,0.0860979462875198,0.326378914954185,101.35
8.84,234.3,1.15837209972257,0.1289592760181,0.258170936352699,82.42
8.38,152.1,1.12087577627493,0.119331742243437,0.193754271884505,62.72
13.62,198,1.14059683655344,0.124816446402349,0.178201020814697,100.22
10.5,151.1,1.15853897808581,0.0276190476190476,0.420261876510388,79.47
8.62,221.7,1.18665607740206,0.106728538283063,0.406009095546059,56.28
6.68,167.6,1.13209105600556,0.119760479041916,0.144241799008309,20.41
12.3,173.4,1.19334655347018,0.0276422764227642,0.415839905458769,101.43
12.33,189,1.15746403429617,0.0843471208434712,0.0769810232739718,96.61
9.18,132.9,1.16033344507301,0.184095860566449,-0.0900942518014558,59.5
13.32,200.7,1.1707339932493,0.0555555555555556,0.465837548281529,101.46
13.08,203.4,1.20728545827367,0.0474006116207951,0.262897226111792,101.51
6.02,341.8,1.12951644802227,0.144518272425249,0.011096925976925,15.97
12.55,182.7,1.1694496684793,0.119521912350598,0.229118976537315,101.42
7.97,297,1.15610342211669,0.0451693851944793,0.910407229564186,45.74
8.73,85.3,1.18312886552871,0.0286368843069874,0.120237095389619,14.92
12.21,254.4,1.24209355272676,0.112203112203112,0.135002356722341,100.29
12.38,245.3,1.26577283265015,0.103392568659128,0.133091854692979,101.43
11.84,181.6,1.19322763097445,0.0405405405405405,0.224877082790995,101.35
13.04,233.9,1.14492316080752,0.14340490797546,0.137004639535104,95.93
11.83,253.4,1.24284529624183,0.0228233305156382,0.344595767352571,93.5
12.04,191,1.23854708934109,0.0772425249169435,0.789096713988688,101.45
8.38,98.9,1.26086153918799,0.0525059665871122,0.182215388464414,49.13
7.37,4.66,1.19191888180342,0.105834464043419,0.251849641322486,39.8
5.66,265.7,1.12751807226914,0.104240282685512,-0.0117422127011179,5.63
11.83,87.9,1.26217047929928,0.0574809805579036,0.397854584019216,67.7
8.76,118.5,1.24360639262671,0.0924657534246575,-0.313968491418541,101.39
10.94,190.6,1.16605947575379,0.0859232175502742,0.304158166998,84.72
5.96,208.7,1.1109161778625,0.10738255033557,0.269089546301503,17.79
9.63,194.9,1.1548732914008,0.0851505711318795,0.387059322358325,91.56
8.1,270.1,1.2788143087434,0.0777777777777778,0.277102237516688,39.91
8.54,174.5,1.2144787798912,0.076112412177986,0.422735523624295,58.57
10.96,175.6,1.18886345008958,0.126824817518248,0.0347233839599005,91.9
7.18,12.04,1.20704219420201,0.178272980501393,-0.0879509728168703,43.01
4.78,352.9,1.25364705457331,0.0878661087866109,0.134080442881498,9.01
11.82,296.4,1.22790903825676,0.0803722504230118,0.206637747154722,55.41
7.09,262,1.16822656980671,0.111424541607898,0.112450695135265,31.08
11.23,334.7,1.25182524597823,0.0676758682101514,0.109462314610574,91.39
13.61,188.6,1.12237382307448,0.09478324761205,0.326413258604148,100.92
10.16,296.9,1.29121240431272,0.0501968503937008,0.433139895756107,64.66
8.92,222.7,1.18041435950913,0.0975336322869955,0.388109196350406,83.73
15.45,352.5,1.21117377266414,0.0919093851132686,0.188963400355415,101.39
4.69,157.7,1.15571175692787,0.123667377398721,0.126683410641397,2.08
11.67,226.5,1.17110355518871,0.0616966580976864,0.318738547103818,101.21
6.54,69.07,1.16386538480958,0.0535168195718654,0.446113188756732,9.03
4.86,134.5,1.15123695687966,0.265432098765432,0.00915972458080893,12.38
10.74,295.4,1.22781014657028,0.0791433891992551,0.205716184853531,95.6
11.01,216.1,1.24208820690369,0.0653950953678474,0.283672235909913,92.25
7.44,194.1,1.14662024610654,0.0362903225806452,0.545468770700714,26.99
8.71,182.6,1.14258617456839,0.105625717566016,0.586089137033594,64.06
10.99,134.1,1.15756936086267,0.0418562329390355,0.436323775682414,64.82
4.87,225.3,1.1483585018794,0.139630390143737,0.292047572716636,7.98
10.52,1.4,1.20750621106847,0.0807984790874525,0.324529040334181,98.04
8.38,203.7,1.1426439336235,0.0334128878281623,0.454293171329302,52.25
5.04,171.2,1.19907052801833,0.117063492063492,0.0176991379731974,10.6
8.66,352.2,1.22851157652661,0.035796766743649,0.428701725200684,42.96
5.45,287,1.24672242538019,0.144954128440367,0.024589513808962,9.41
8.45,177.2,1.16880581843786,0.0224852071005917,0.434083400405845,42.91
5.84,358.2,1.28011692697208,0.0547945205479452,0.937061427719457,23.44
8.19,273.7,1.20571240734419,0.19047619047619,0.0327862788381229,36.9
10.59,141.4,1.1668780979621,0.056657223796034,0.218007202814981,77.24
6.15,326.2,1.16039089330522,0.152845528455285,-0.028707734822819,29.36
4.76,164.1,1.13627647433703,0.157563025210084,0.149585566832491,6.31
10.51,283.4,1.22573839565996,0.0352045670789724,0.379342603708834,84.67
6.28,145,1.25841945899344,0.105095541401274,0.0284776985691782,29.78
6.01,256.5,1.17280880301223,0.0415973377703827,-0.0869760729799116,6.39
9.69,22.16,1.18422874913058,0.13312693498452,-0.00915029126412412,81.58
9.42,182.7,1.18795373489322,0.0923566878980892,0.00235924617311798,89.83
12.36,192.2,1.23802697431167,0.0477346278317152,0.554379544111889,101.48
8.61,272,1.21482554013976,0.0313588850174216,0.309540672515264,28.04
10.84,310.8,1.27995910927563,0.0719557195571956,0.107042660214587,97.45
6.77,75.25,1.17303151043847,0.0369276218611521,0.829597529035436,7.78
7.49,282.8,1.2196185087952,0.120160213618158,0.0298556922592628,25.14
7.73,212.6,1.13995449109841,0.0866752910737387,0.395229582599771,28.25
11.7,182.4,1.16954019342304,0.114529914529915,0.234029944850349,101.46
8.52,292.4,1.28099259894049,0.0211267605633803,0.487845669502473,12.67
12.44,161.9,1.14564523034844,0.0353697749196141,0.511781569906575,98.42
7.57,322.4,1.15444119820022,0.0277410832232497,0.72984612950955,32.6
10.49,147.9,1.15700533399925,0.0381315538608198,0.34275706463658,79.83
8.58,242.8,1.14090148016567,0.118881118881119,0.065682788783382,47.02
9.19,179.4,1.18732952756089,0.0761697497279652,0.0538209826099093,101.41
9.1,97.4,1.25408822788876,0.0824175824175824,0.112649888293005,55.49
6.5,149.7,1.25615451958388,0.110769230769231,0.0413905776846337,28.54
8.56,100.6,1.24514110067403,0.0771028037383178,0.365881818573568,80.82
10.45,194,1.1902698368683,0.0277511961722488,0.500973478653954,80.42
8.83,183.6,1.14707357900655,0.129105322763307,0.74285886750331,60.55
6.87,214.8,1.2261758561789,0.0349344978165939,0.518401879062359,28.82
10.13,323.9,1.19968488125506,0.0197433366238894,0.494009229588944,79.29
8.8,256.7,1.21489946496955,0.1,0.360991932034805,48.98
9.08,222.1,1.14538725987971,0.0881057268722467,0.466489987723192,57.31
13.87,10.19,1.23136862720053,0.0980533525594809,0.0144601382783175,101.44
11.83,169.2,1.16711811939086,0.0211327134404057,0.292584101720011,93.94
12.35,252.1,1.21503129160881,0.111740890688259,0.129608514440433,100.68
6.94,329.4,1.2372966069175,0.122478386167147,0.250449203754329,31.36
11.51,319.7,1.31931440102092,0.054735013032146,0.310153973007611,98.58
10.34,166.8,1.1370904269947,0.0290135396518375,0.404119012656189,75.65
7.72,221.4,1.18205400291943,0.094559585492228,0.354907292537216,44.29
11.78,160.3,1.15465534546442,0.117147707979626,0.259738425334839,101.39
12.57,191.4,1.17251840708432,0.0883054892601432,0.264275435047393,101.53
8.06,359.1,1.19093140946745,0.0967741935483871,0.130531271524882,47.66
12.73,248.2,1.24053600503962,0.0754124116260801,0.34269495637778,101.28
8.75,155.3,1.12950841252266,0.100571428571429,-0.0992893812415715,68.54
11.55,187.3,1.17115830381107,0.0588744588744589,0.777197863705685,95.41
11.8,159.5,1.22567272764828,0.076271186440678,0.0494896064095434,101.53
7.62,334.7,1.15846048098676,0.0223097112860892,0.732275733085929,25.93
3.68,114.5,1.22015121818078,0.22554347826087,-0.576261606695578,24.53
5.08,58.16,1.1923518195234,0.0492125984251968,0.274229864664008,12.67
13.55,155.8,1.22285898563534,0.0538745387453875,0.244070451239621,101.5
6.15,304.8,1.19398091359243,0.0373983739837398,0.208097013715266,21.5
4.83,99.2,1.26570848326795,0.082815734989648,0.40222054353886,5.48
9.8,0.01,1.21489516457327,0.0459183673469388,0.358326988627952,82.64
15.89,223,1.15157329289966,0.155443675267464,0.276525565014634,101.53
8.91,248.8,1.26396544636403,0.0673400673400673,0.353233319121425,65.58
6.67,125.3,1.21881008746655,0.175412293853073,-0.0559036332614533,94.53
14.82,140.4,1.21743005844295,0.106612685560054,0.134380224252244,101.51
5.07,330.9,1.14042412051134,0.0335305719921105,0.24036726744637,3.47
5.24,110.8,1.23106231242505,0.217557251908397,-0.617711355799664,35.88
11.72,156.2,1.11995010685639,0.100682593856655,0.0440240963533509,100.76
12.14,318.8,1.18377185034404,0.0477759472817133,0.378062610440528,100.73
5.08,244.8,1.23243671815809,0.0492125984251968,0.167976866409857,2.62
12.33,186.4,1.12361478787391,0.0494728304947283,0.423429688330589,93.41
15.06,321.3,1.28947707595605,0.0836653386454183,0.236325451136024,101.17
6.05,150.4,1.16611244569655,0.117355371900826,0.120707730726443,17.97
10.27,199.7,1.26582762501559,0.0467380720545277,0.417558114133756,89.12
8.32,304.4,1.23110520513544,0.110576923076923,0.266300198581454,54.97
11.5,323.2,1.1513536645027,0.1,0.219057706706378,88.53
4.97,162.5,1.11740135035972,0.183098591549296,0.0680716211499283,-0.43
7.65,57.28,1.19036806892535,0.0836601307189542,0.506568321991856,39.59
11.76,161.8,1.14718490891683,0.0459183673469388,0.569588978783324,93.55
11.88,353.8,1.17726042409296,0.121212121212121,0.232368590948539,91.79
8.61,67.89,1.24230374408221,0.0743321718931475,0.271318695898351,85.25
10.35,341.9,1.1894622970709,0.0830917874396135,0.259210150441287,66.54
6.43,287.6,1.18052949080223,0.147744945567652,0.0524311533452906,25.61
6.1,235.2,1.20604072308906,0.0885245901639344,0.441693505532105,12.13
14.37,321.9,1.26506896577258,0.0786360473208072,0.173546542605283,101.53
6.23,283.8,1.25398253563409,0.110754414125201,0.217060351304953,13.72
7.13,139.5,1.17374589925101,0.148667601683029,0.0792814372388969,42.3
10.3,294.7,1.29064983705448,0.0553398058252427,0.234029944850349,35.39
5.06,263,1.23998912719519,0.0513833992094862,0.149802600401785,0.87
14.38,199.2,1.13562630872861,0.0848400556328234,0.127143720059433,100.67
9.8,296.1,1.23156993415984,0.110204081632653,0.11871104821923,69.72
9.39,323.2,1.16917552625511,0.0468583599574015,0.215967872034727,53.45
5.91,210.6,1.19023813197514,0.0913705583756345,0.0571041747994324,18.23
9.75,151.8,1.14209996283072,0.0728205128205128,0.409082645495912,73.36
7.19,279.4,1.18997402389992,0.304589707927677,0.0186137686732423,33.62
5.36,203.7,1.14088741886522,0.100746268656716,0.19477973815373,6.99
9.37,297.8,1.31047124983444,0.0213447171824973,0.162241543376448,72.51
5.65,234.3,1.28936310388532,0.0831858407079646,0.0964157167842624,16.65
8.52,198.9,1.21766802839745,0.0246478873239437,0.471667665989446,50.71
14.5,279.4,1.21516221221354,0.117931034482759,0.143967741037455,101.53
4.9,176.8,1.14172363229563,0.128571428571429,-0.38600934803182,33.38
10.82,163.2,1.16564412315049,0.0859519408502773,0.10724537524436,86.81
16.02,221.7,1.1584044157472,0.0955056179775281,0.172945687448728,101.14
7.31,307.2,1.24209820853256,0.051983584131327,0.223588173864995,37.42
10.65,84,1.25969149565837,0.0525821596244131,0.580686708277293,67.78
13.91,292.2,1.19712728381635,0.0948957584471603,0.174336100510661,101.54
15.49,131.1,1.22399994146385,0.103938024531956,-0.0057285139763135,101.48
10.02,167.9,1.13980210240854,0.0588822355289421,0.917319796425555,69.77
10.97,336.7,1.27307251208904,0.0574293527803099,0.22572123452677,97.48
9.57,262.5,1.14526541892462,0.117032392894462,0.0875824825780518,43.01
7.18,296.8,1.15697110335327,0.116991643454039,0.160331485711945,17.83
5.51,305.2,1.29034641837289,0.0852994555353902,0.137182206672102,13.46
7.09,202.9,1.21386254633127,0.111424541607898,0.265935147441324,32.07
8.99,195.1,1.19095784097039,0.134593993325918,0.0753883466701642,63.4
7.44,214.4,1.12832568706804,0.0779569892473118,0.372966247088596,33.73
8.77,310.7,1.1525235702705,0.0695553021664766,0.0904639882041394,58.67
11.78,333,1.19033262180246,0.0747028862478778,0.242846860562019,98.01
5.6,319.3,1.1419852241773,0.0321428571428571,0.398640800518825,8.32
9.26,178.5,1.18639050814059,0.0896328293736501,-0.103113579601608,93.05
4.3,177.1,1.15365356310863,0.162790697674419,-0.294665979268027,6.58
9.5,205.8,1.1664203816584,0.0273684210526316,0.755815529237203,67.91
14.36,253.6,1.22157239024802,0.0619777158774373,0.157008777443627,98.62
13.35,57.35,1.21957715937133,0.0868913857677903,0.3390789289642,101.55
9.45,193,1.23825902202482,0.0994708994708995,0.18112565340398,63.57
10.31,318,1.19276809894789,0.0475266731328807,0.616856321897726,87.14
4.12,319.8,1.24314477564903,0.0364077669902913,0.639008067965196,-0.43
8.7,357,1.19187572805673,0.0505747126436782,0.271218180928396,44.26
7.78,205.5,1.16853067785719,0.0526992287917738,0.762278352147579,42.62
4.56,355,1.26054664395474,0.0767543859649123,0.0244901054505939,2.13
11.11,292.1,1.17207993344345,0.0216021602160216,0.765852451969575,70.75
4.84,214.2,1.2288668492782,0.121900826446281,0.0463739194962842,5.65
4.76,231.7,1.13991877900846,0.15546218487395,0.0424001645484153,14.18
6.72,183.4,1.15314443914876,0.120535714285714,-0.0811350265308098,64.18
12.16,206.2,1.20985016589443,0.0625,0.286190281547849,101.36
8.3,210.9,1.2756927075692,0.0325301204819277,0.546407011582166,68.9
5.56,76.39,1.19985122881032,0.0737410071942446,0.671200371491412,3.51
9.59,330.7,1.31775783994236,0.0333680917622523,0.456053905154919,80.61
8.98,65.32,1.25302012258322,0.0824053452115813,0.191024760096745,47.19
12.28,202.6,1.18251634729175,0.0578175895765472,0.429715300547806,101.35
7.48,212.7,1.16602561909768,0.167112299465241,0.247931295938687,38.99
10.8,208.9,1.14910394398394,0.122222222222222,0.103135790236442,92.85
11.39,199.6,1.18649380124138,0.0377524143985953,0.440757626835698,95
6.31,272.5,1.15896806355231,0.125198098256735,0.0971380881362368,-0.83
6.51,208.1,1.12545949041376,0.135176651305684,0.129974642011088,19.04
6.67,71.59,1.1788356846771,0.04047976011994,0.368644925378862,9.15
8.67,294.2,1.22165758538954,0.0219146482122261,0.475251367301735,62.96
4.17,218.5,1.2298475128755,0.15347721822542,-0.0159228643374184,0.53
11.98,307,1.1715801294971,0.0692821368948247,0.20985249487026,100.04
10.51,192,1.16991860337114,0.160799238820171,0.458452782304818,101.34
12.39,162.3,1.20081645235829,0.112994350282486,0.456118179182867,101.38
9.77,280.3,1.28599875810136,0.0992835209825998,0.227219832015064,55.47
10.66,338.7,1.19056518672554,0.104127579737336,0.237273631760816,66.27
13.38,247.2,1.2648968203224,0.105381165919282,0.117606963877257,99
6.8,256.3,1.13620212436806,0.0676470588235294,0.625980288313441,20.83
7.2,122.6,1.21627464475202,0.138888888888889,0.0594030774247531,100.9
6.56,331,1.17252252350401,0.0411585365853659,0.407688593326919,18.5
9.3,304.3,1.22598119355899,0.104301075268817,0.155809536324887,86.18
10.95,181.3,1.17010735730478,0.121461187214612,0.138087001466774,101.41
9.09,187.1,1.2297284993629,0.0935093509350935,0.345664646069633,73.62
5.33,66.33,1.22465570056973,0.136960600375235,0.303162405208909,15.25
11.19,217.1,1.16676217177477,0.0464700625558534,0.317401863158243,98.44
10.9,340.9,1.23359290938495,0.113761467889908,0.220485817134699,81.33
8.25,93.2,1.20279278531282,0.0678787878787879,0.277836649843819,19.29
7.78,207.6,1.15365699211599,0.0398457583547558,0.253785671681799,37.63
6.55,296.8,1.13549109900015,0.105343511450382,0.17638072163444,14.46
8.16,146.7,1.13769025408408,0.0968137254901961,0.117375308241319,34.1
6.41,240,1.16486526456251,0.162246489859594,0.176638483016026,21.51
13,191.1,1.14306378787095,0.0684615384615385,0.432485967713357,100.78
7.6,139.1,1.16743352663812,0.0578947368421053,0.10166218701732,41.76
5.27,351,1.1470528723635,0.0872865275142315,0.148136885990638,4.82
8.05,167.8,1.14180802219532,0.120496894409938,0.011064680728459,55.62
5.52,60.01,1.26121322338517,0.146739130434783,0.145502056825733,24.19
13.21,195.9,1.16014451012408,0.0651021953065859,0.277231585606005,101.46
4.4,136.3,1.2495828677447,0.156818181818182,0.0875221238855524,2.76
5.92,248.2,1.12085549321096,0.0236486486486486,0.279517474320208,8.85
12.21,166,1.18856328393502,0.0835380835380835,0.237873779426803,101.42
7.24,163.5,1.13085564660947,0.0828729281767956,0.340870655080045,29.1
8.5,175.1,1.13870831551632,0.115294117647059,0.131886428859294,72.56
10.57,170.1,1.2632751183748,0.0558183538315989,0.76214130544811,81.15
8.98,160.3,1.18278814023941,0.131403118040089,0.28181212388497,87.25
6.83,72.77,1.13938562178117,0.0980966325036603,0.640092388251884,9.08
7.05,302.4,1.25248655418846,0.0609929078014184,0.0801975217419926,32.25
10.47,327.6,1.21987252503309,0.0697230181470869,0.256061202716092,90.83
5.45,96.7,1.17757156261325,0.231192660550459,0.0411350656418853,11.64
4.83,189.6,1.2151214251877,0.149068322981366,-0.0319606961996764,6.82
4.96,21.02,1.13334768505831,0.106854838709677,0.0774661299352681,8.24
12.07,172.9,1.18816840159106,0.0745650372825186,0.387016102123037,101.49
4.6,162.2,1.15417257625498,0.191304347826087,0.0686527513915654,2.73
6.33,334.8,1.15924286888888,0.165876777251185,0.0749401700257222,22.11
5.71,353.7,1.25586723128975,0.0507880910683012,0.38561243756078,7.82
7.1,65.1,1.14190984640608,0.0225352112676056,0.396235570112533,25.28
8.26,254.3,1.22820721314263,0.0435835351089588,0.412520507486347,36.55
10.08,326.4,1.26152093136659,0.0486111111111111,0.309231777930894,89.53
8.24,1.05,1.22887591776859,0.0327669902912621,0.530291607907465,56.51
3.8,341.6,1.19602976873542,0.128947368421053,-0.0347980494858046,1.61
8.58,2.85,1.19612136867478,0.103729603729604,0.169395413389541,51.62
6.13,13,1.1617483399029,0.0929853181076672,0.365472585907693,29.87
11.4,273.3,1.16021412829796,0.0903508771929825,0.212485352442266,80.85
9.19,158.4,1.15895095191883,0.0848748639825898,0.0365542544157965,84.76
5.33,147.5,1.15380233857327,0.138836772983114,0.0378269701112536,16.44
5.65,278.4,1.13418107975375,0.0584070796460177,0.184355252901609,1.89
5.03,293.6,1.23575781270079,0.0437375745526839,0.464954530952003,6.67
7.44,297.2,1.18961700559395,0.0228494623655914,0.324069271200378,33.58
7.93,149.8,1.12867930416677,0.151324085750315,0.0225221707826756,43.43
11.33,186.7,1.15016951893444,0.0661959399823478,0.548725158207793,90.48
12.39,2.93,1.16621518956019,0.100080710250202,0.0361477475114427,101.08
12.1,156.5,1.20105739589281,0.0702479338842975,0.283530156295751,101.48
10.56,286.5,1.22437532495156,0.0823863636363636,0.0923408873758602,59.02
13.15,184.2,1.14390720913324,0.149049429657795,0.382458082406758,101.45
7.69,73.09,1.16730627627572,0.0689206762028609,0.672965074427888,17.21
6.35,308.3,1.24198118807271,0.0425196850393701,0.616963817459591,28.54
11.8,298.7,1.22778899007804,0.0889830508474576,0.157960028405395,83.2
9.62,301.5,1.23197796570775,0.0862785862785863,0.150447057871442,87.28
11.31,269.5,1.18130529744324,0.0963748894783378,0.255739163143193,98.08
13.67,211.5,1.17890391128764,0.0621799561082663,0.250884298622464,101.43
7.17,283.1,1.20118256802744,0.0446304044630404,0.429274529280538,34.64
8.04,209.9,1.15699794400359,0.0497512437810945,0.559411503643841,48.93
10.53,145.8,1.14354556263318,0.0816714150047483,0.304755255806512,84.48
7.3,153.2,1.13876756568763,0.0972602739726027,0.128394345811018,32.42
9.57,174,1.140457956291,0.0282131661442006,0.428779744538884,61.17
10.77,160.8,1.12212762918803,0.148560817084494,0.107755538560773,92.73
11.05,197.6,1.2629080266405,0.0552036199095023,0.149662360901996,97.7
9.35,178.1,1.24614371970499,0.0684491978609626,0.162601601742986,74.48
7.79,9.3,1.19604327351371,0.0706033376123235,0.111084649652257,51.3
7.83,162.4,1.16733801324209,0.150702426564496,0.0314262871578688,44.6
9.25,343.1,1.17593821852427,0.0648648648648649,0.535021599098739,45.33
10.58,148.7,1.18229728860897,0.0746691871455577,0.332279836140942,93.27
4.42,73.91,1.18294549489494,0.0361990950226244,0.745372993479889,-0.32
9.72,226.7,1.13337265550648,0.0679012345679012,0.572966633968547,57.33
10.31,131.8,1.15495364514407,0.159068865179437,0.0589451903713423,77.22
5.44,286.1,1.21306024941574,0.0919117647058823,0.639008067965196,9.41
10.23,328.5,1.26303204812916,0.0498533724340176,0.321872053407677,90.75
8.4,286.3,1.25358625801839,0.0571428571428571,0.125096191137607,30.81
6.36,236.9,1.2055749896685,0.0974842767295597,0.534406773587963,14.08
6.1,336.7,1.21091186068004,0.111475409836066,0.01828183211693,19.93
8.66,188.7,1.145030906366,0.0288683602771363,0.34325926580761,45.31
5.17,234.4,1.27408818699206,0.0870406189555126,0.0787132383167844,17.67
4.57,326.5,1.24132005680968,0.148796498905908,0.0591049522607371,4.55
6.59,312.7,1.16525076240065,0.159332321699545,0.189904234111956,25.94
5.25,350.4,1.1464475661756,0.12,0.0995069817834707,6.97
11.21,192.7,1.15549562456744,0.0704727921498662,0.207548638281271,87.51
4.75,168.6,1.1312121146431,0.189473684210526,0.0955515089868922,9.16
7.73,212.5,1.23097513590195,0.0698576972833118,0.245874825889782,42.41
13.25,266.2,1.26060139893808,0.0875471698113208,0.120561452816402,98.61
4.54,96.8,1.27148997285662,0.0682819383259912,0.298002262929637,2.02
8.59,316.9,1.16931189355514,0.147846332945285,0.12225164359499,54.1
10.05,151.8,1.18494358716024,0.0885572139303483,0.289983282847098,84.25
9.73,340.5,1.26733108444546,0.040082219938335,0.261337879624063,75.15
4.65,15.41,1.16201916004235,0.0731182795698925,0.189367398094517,10.32
5.52,220,1.16382130500823,0.0996376811594203,0.0570622588667391,11.58
7.96,221.1,1.1474907825685,0.100502512562814,0.422909441992755,33.72
9.95,171.2,1.13754962227184,0.0241206030150754,0.557908273151753,68.01
5.88,351.1,1.21123896702023,0.112244897959184,0.189155083999232,17.39
13.14,236.9,1.15103726022306,0.118721461187215,0.11268897381233,94.45
4.39,19.4,1.2954711749237,0.0364464692482916,0.108880212034507,10.04
6.99,125.9,1.15697112322171,0.174535050071531,-0.24638862891359,73.38
8.55,142.9,1.15559109140062,0.0771929824561404,0.345003574631876,51.46
12.13,336.4,1.23002495377338,0.0148392415498763,0.682774527450925,73.28
10.52,169.7,1.14097160024388,0.0560836501901141,0.817739950614813,75.81
7.66,182.1,1.28340709111244,0.0939947780678851,-0.0373808055896833,53.56
6.34,163.7,1.26199246899822,0.157728706624606,0.255937287548941,47.7
4.66,134.6,1.1744608451735,0.160944206008584,0.424126776730844,4.31
10.61,289.1,1.24110890660406,0.0490103675777568,0.224513191425261,43.81
8.68,230,1.20280361799546,0.0898617511520737,0.20353202780342,77.1
5.77,191.4,1.2927630515907,0.110918544194107,-0.0457216155769318,41.56
7.34,337.4,1.24301764561303,0.126702997275204,0.108525494543834,33.81
11.27,216.7,1.25840796123443,0.0452528837622005,0.328650333825591,100.37
17.69,231,1.15833868379915,0.117580553985302,0.157378556208338,101.53
4.75,336.7,1.1777189479806,0.16,0.0140733104139023,6.29
7.55,200,1.21845221532092,0.0596026490066225,0.391485861518799,42.95
8.2,188.5,1.23734191817929,0.148780487804878,0.0135855473243069,62.85
10.55,287.8,1.22562516146303,0.122274881516588,0.130060369697122,48.53
10.9,326,1.23408371805227,0.0559633027522936,0.293694670091548,99.21
5.22,307,1.24798243413214,0.0268199233716475,-0.0916960619690703,3.73
8.18,72.59,1.21418822984489,0.30440097799511,0.733306650306192,56.68
6.42,179.9,1.14704266866241,0.113707165109034,-0.0848548582971457,53.24
8.47,73.16,1.24961422523228,0.0885478158205431,0.388778043786817,52.19
7.98,150.8,1.20517864292625,0.0977443609022556,0.411668580170581,55.41
6.81,158.1,1.12629948368201,0.101321585903084,0.0595007915301158,71.9
5.57,203.5,1.12120576186906,0.138240574506284,0.248700385867148,23.37
13.42,182.6,1.13084890607381,0.129657228017884,0.0877803914357733,100.63
7.13,308.1,1.19265214611743,0.032258064516129,0.580591730744421,34.68
11.47,152.8,1.22938863271424,0.0906713164777681,0.0808526300240647,101.35
11.64,211.4,1.19815791694918,0.0970790378006873,0.137764343128686,85.47
6.22,214.5,1.24956231060861,0.0707395498392283,0.174522161438087,19.13
7.62,330.6,1.18740627703398,0.18241469816273,0.0801332212002759,42.37
5.43,309.8,1.22892232024574,0.114180478821363,0.17438699581349,12.76
4.61,110.3,1.24249848877571,0.286334056399132,-0.2802824083506,39.42
9.05,81.7,1.25531791647748,0.056353591160221,0.854480506486101,47.61
7.09,154.2,1.15937820407818,0.148095909732017,0.109157543956564,30.37
14.15,168.7,1.13699121693239,0.0742049469964664,0.262997196750702,101.41
4.83,118.5,1.16110160287141,0.188405797101449,-0.666431009648659,59.46
10.1,329.5,1.19755122153874,0.0415841584158416,0.253665255591242,80.16
10.45,147.5,1.14264874785499,0.0822966507177034,0.508977919976149,84.25
9.86,265.2,1.18729456864374,0.0892494929006085,0.103760797543693,66.91
9.97,147.8,1.17914851815556,0.0802407221664995,0.300107713053189,86.76
8.4,300.5,1.15571287688091,0.05,0.73262318936265,26.3
8.67,250.7,1.20246386764746,0.0599769319492503,0.42505194122455,46.96
10.85,335.4,1.24985968161031,0.0995391705069125,0.0728337402204733,94.64
8.67,174.9,1.14110028777657,0.0830449826989619,0.307243268967704,66.99
7.51,247.7,1.27582074215044,0.0279627163781625,0.240282763439848,39.76
5.05,200.7,1.14147563099273,0.0831683168316832,0.159541480939004,10.24
9.28,152.1,1.13505821215786,0.0614224137931034,0.354805440962667,60.71
3.83,91.1,1.15336115967932,0.245430809399478,0.0291887257117449,0.02
6.56,308.1,1.29015317381527,0.0457317073170732,0.292737571831316,18.32
4.08,120,1.14766700858235,0.276960784313725,-0.379425482335132,36.97
6.98,122,1.24771040573067,0.138968481375358,-0.32506137286456,95.21
9.16,173.2,1.14421165316515,0.102620087336245,0.270431007553286,76.33
10.57,164.4,1.16139639411802,0.102175969725639,0.627131671980725,87.22
8.69,62.5,1.17909191701599,0.104718066743383,0.303552722075756,45.53
6.29,271.8,1.15447075906926,0.0429252782193959,0.090086558203995,0.93
11.38,279.7,1.20343522038481,0.0369068541300527,0.352511757432147,99.96
13.27,22.6,1.15347476272913,0.0693293142426526,0.109797427743741,100.01
10.16,169.6,1.1409159229605,0.0698818897637795,0.309132065228895,80.39
5.15,103.1,1.1721979314377,0.151456310679612,0.0391607999536308,20.04
7.26,306.1,1.14558368799555,0.0977961432506887,0.0905475640608186,33.72
4.59,0.06,1.19475019717564,0.111111111111111,-0.0048340172793293,6.96
5.02,239,1.32743174499302,0.0717131474103586,0.343879534549476,14.38
4.32,107.2,1.22356102474944,0.236111111111111,-0.158726799080184,18.38
11.32,187.9,1.14830033498719,0.0556537102473498,0.956264286774044,89.19
4.87,350.1,1.20572508904117,0.0492813141683778,0.0321590114592314,3.21
6.82,47.67,1.20691906432399,0.111436950146628,0.0728337402204738,31.19
3.82,340.6,1.14253043744632,0.196335078534031,-0.0173760734590406,2.58
8.43,262.5,1.15120841678341,0.0735468564650059,0.43201813557235,55.7
8.93,164,1.18218422053715,0.0660694288913774,0.233200972994051,54.09
4.14,19.43,1.24251308035486,0.0603864734299517,0.430881974277643,7.84
13.93,194.6,1.16851293070779,0.085427135678392,0.242372769455663,101.53
7.37,87.9,1.14467239822869,0.122116689280868,0.376826792289471,32.01
10.71,250.3,1.26491206260063,0.0681605975723623,0.25696166489746,88.59
9.79,313.3,1.23826533127954,0.0755873340143003,0.194303833383106,71.62
7.43,170.7,1.14633502604094,0.0807537012113055,0.409167430686235,39.73
4.02,321.7,1.1236301954534,0.131840796019901,0.148517984055083,-0.56
6.08,183.1,1.13773682313964,0.194078947368421,-0.35385647246067,25.96
7.67,346.4,1.20014614061397,0.0782268578878748,0.196697468370733,34.64
9.63,30.63,1.18626999557015,0.132917964693666,0.140435163698355,73.76
5.04,141.9,1.2869918762516,0.125,0.0490160926633193,16.52
9.99,220,1.25570899451758,0.101101101101101,0.192665972751749,72.58
13.53,202.2,1.27162510511867,0.0339985218033999,0.334210717496945,101.36
10.23,230.3,1.13346317697334,0.0821114369501466,0.319363605864777,65.62
5.24,106.5,1.23210464438135,0.25381679389313,-0.0791149630024237,45.1
7.66,113.9,1.20684336765653,0.206266318537859,-0.170196256674891,89.49
10.86,179.1,1.25067055361437,0.074585635359116,0.132744561392492,87.4
10.22,198.9,1.13626359933319,0.0352250489236791,0.519141122949668,73.76
10.05,254.8,1.15786012089745,0.133333333333333,0.146156229379448,73.91
12.45,167.2,1.17332819081276,0.0835341365461847,0.334390056439562,100.99
11.19,207.6,1.1362572241579,0.128686327077748,0.118221793082339,82.31
4.65,134.2,1.14506389935919,0.154838709677419,-0.0751439121012781,0.02
9.16,315.2,1.31643568603688,0.0338427947598253,0.337156327061517,73.31
6.63,192.1,1.14310337335913,0.0331825037707391,0.0714940356785517,17.14
3.91,290.9,1.16389772046452,0.0358056265984655,0.27158710086865,-0.32
8.03,188.8,1.15406311097145,0.133250311332503,0.524889457123006,51.35
5.21,248.7,1.19515722718348,0.09021113243762,0.390529665408156,8.39
4.83,337.2,1.13240765425843,0.0434782608695652,0.550357429529498,2.38
8.39,243.1,1.16988620762534,0.0893921334922527,0.0427686871125483,50.15
5.73,307.9,1.13764659511953,0.174520069808028,0.0470119149011019,27.79
6.11,157.6,1.1304036900255,0.119476268412439,0.177793268622057,28.56
17.19,160.1,1.16385424265496,0.134962187318208,0.134499717908662,101.42
7.34,73.8,1.15032723571985,0.055858310626703,0.813105724951295,26.85
8.2,186.8,1.24483801262964,0.104878048780488,-0.113527847791987,89.8
10.99,80.2,1.21674938937597,0.0172884440400364,1.09592563165202,57.21
6.24,315.7,1.23955333605432,0.118589743589744,0.0540471934850493,11.35
9.93,302.7,1.2226358378136,0.0976837865055388,0.203667600927434,80.65
4.77,356.5,1.15187957062986,0.10482180293501,-0.0231621500554272,5.31
7.7,294.2,1.19482254030417,0.124675324675325,0.161506410630403,37.36
4.51,314.9,1.18469620668571,0.0376940133037694,0.339942927292829,3.83
7.26,62.55,1.19527671112301,0.108815426997245,0.564793027079038,28.55
4.18,16.89,1.17308724569779,0.11244019138756,1.20483958684078,15.39
5.94,156.4,1.12227826823259,0.17003367003367,0.0955104165697347,19.73
13.33,145.2,1.13192625202303,0.13053263315829,0.171414802230987,98.38
11.1,182.2,1.1313475019685,0.142342342342342,0.183470323666639,99.36
14.37,196.7,1.18606932974564,0.0619345859429367,0.241427457222799,101.44
7.32,223.9,1.14002515439506,0.117486338797814,0.532368546999092,42.5
6.32,92.8,1.25245923683286,0.0664556962025316,0.308686820594665,18.81
5.83,57.34,1.19745859601575,0.183533447684391,0.215900795580824,25.22
5.55,189,1.12689614590438,0.0486486486486487,0.431551067214193,13.07
10.82,231.5,1.1543865205171,0.10720887245841,0.23585548846095,97.52
11.77,240.8,1.23869373607859,0.0875106202209006,0.138202547103545,98.82
9.02,252,1.20894535728026,0.0354767184035477,0.392209575541716,55.61
6.07,351,1.16267594506518,0.0345963756177924,0.356476142558766,17.98
9.23,288.1,1.16606742713796,0.0314192849404117,0.499868595003107,14.23
11.06,253.7,1.23547585008115,0.0822784810126582,0.151671614827487,88.14
12.05,71.03,1.21125212889078,0.0697095435684647,0.477295786845879,98.61
6.59,278.5,1.17033457839367,0.128983308042489,0.245670260891899,14.71
17.03,180.9,1.12906408974917,0.0763358778625954,0.340448529097593,101.47
12.12,180.6,1.17576850176306,0.0866336633663366,0.0406897817738246,101.5
5.52,235.9,1.16360675601116,0.233695652173913,0.237609687870383,15.28
12.51,85.1,1.19342160135163,0.0719424460431655,0.42531233941751,87.72
6.34,164.6,1.16491939039448,0.129337539432177,0.0246610153158862,19.32
6.66,332.2,1.19622360556423,0.0840840840840841,0.498990851255182,37.47
10.84,191.7,1.21202098633405,0.0304428044280443,0.381334783043995,90.12
9.93,201.9,1.25918389478667,0.0211480362537764,0.39293165154658,78.12
10,218.5,1.13867092231788,0.103,0.182796667200779,60.65
5.01,254.7,1.25706944648353,0.0279441117764471,0.0951130650476119,4.53
14.39,171.1,1.18799678579911,0.0576789437109103,0.309208896969363,101.48
10,182.3,1.1756399863648,0.076,0.158809068383817,72.7
8.04,318.7,1.25310989759222,0.0534825870646766,0.0334025852883941,47.74
7.49,339.7,1.23937705248296,0.0894526034712951,0.32860761991639,28.87
11.22,190.2,1.2187004249756,0.127450980392157,0.00594707199478065,101.28
11.21,281.8,1.29071913479807,0.0624442462087422,0.296320894287447,82.84
17.65,143.2,1.18138758500038,0.0538243626062323,0.211076682174795,101.52
5.15,320.5,1.2720947325821,0.0990291262135922,0.217319913929915,10.07
5.89,312.5,1.25030978602995,0.0764006791171477,0.0380356907346689,16
5.77,319.9,1.13429864409234,0.110918544194107,0.0466825601690096,8.99
5.82,214.9,1.25636440114422,0.0498281786941581,0.121580445937472,16.15
9.53,200.3,1.201924396997,0.0251836306400839,0.411046423793857,71.9
10.03,174.7,1.13863167080832,0.061814556331007,0.36503397077507,81.33
9.66,242.4,1.16060023341699,0.114906832298137,0.350466674206816,72.84
4.07,1.67,1.17970008585106,0.16953316953317,-0.188263873770848,4.48
4.71,339.4,1.19177949358344,0.146496815286624,-0.0512793617388913,3.48
7.6,340.8,1.32050213580888,0.0236842105263158,0.517682073034724,38.57
7.03,19.29,1.26846435412768,0.0298719772403983,0.297055367324864,30.09
13.29,193.6,1.16888790607131,0.106847253574116,0.262250066091838,101.45
3.88,149.5,1.13386780382104,0.126288659793814,0.117552829125583,-0.52
6.03,66.22,1.26109197723718,0.0912106135986733,0.240998836988064,28.04
6.18,232.5,1.27312049637242,0.0825242718446602,0.307928895527957,11.42
9.05,191.7,1.13935227988924,0.0320441988950276,0.307500101604747,54.97
6.77,301.5,1.22189713110968,0.115214180206795,0.111000523302968,29.83
11.38,234.6,1.1589836652406,0.0448154657293497,0.558506019732316,92.26
7.46,310.7,1.15246004950637,0.096514745308311,0.319692972245507,37.31
7.06,91.3,1.20774762023631,0.0509915014164306,0,7.28
6.57,62.68,1.18874215740357,0.0882800608828006,0.791774179661667,34.52
6.81,55.08,1.18248244390327,0.168869309838473,0.17643463498549,31.6
7.56,208.1,1.27598548269159,0.0357142857142857,0.539419006466401,67.81
7.53,273,1.26161702197437,0.0438247011952191,0.236325451136024,39.76
8.22,77.99,1.25922162527624,0.097323600973236,0.411472952488334,46.25
10.51,202.3,1.20504861120939,0.021883920076118,0.492485258083605,81.79
12.72,266.2,1.21316673879124,0.104559748427673,0.17619311591558,93.61
11.32,325.6,1.18895172109207,0.0203180212014134,0.506964667262921,95.7
5.94,310.2,1.20934167683082,0.0841750841750842,0.329974153055711,14.58
7.77,153.8,1.16752221644583,0.0797940797940798,0.530225536641671,44.08
5.94,288.4,1.22939331473046,0.069023569023569,0.13092493214854,20.31
4.59,161.8,1.12321358759643,0.189542483660131,0.104023090755685,7.79
7.28,298.1,1.15414653118618,0.0796703296703297,0.474397212296719,12.18
6.11,354.1,1.20889839998009,0.119476268412439,0.257990790364049,25.48
14.25,20.08,1.23265547683348,0.0729824561403509,0.0858092562503114,101.36
8.14,336.7,1.19848289430772,0.119164619164619,-0.0325063859366476,43.54
7.35,316.1,1.25154873559716,0.0462585034013605,0.182583392628193,32.77
11.22,191.3,1.14991813084155,0.167557932263815,0.237992889814432,83.29
4.56,21.89,1.26449483725203,0.171052631578947,0,14.27
11.45,184.7,1.13446719779374,0.0716157205240175,1.08352274220912,86.99
5.13,325.7,1.24808847724868,0.0428849902534113,0.115530000739553,7.69
7.57,4.95,1.17581627709765,0.0488771466314399,0.912399421518269,41.5
7.85,113.1,1.15911553376775,0.191082802547771,-0.362123480741482,95.37
7.85,308.6,1.16398822147681,0.0203821656050955,0.457083086252062,43.27
8.61,127.8,1.14884741245843,0.181184668989547,0.0734357811682356,76.19
18.78,158.2,1.15071865912508,0.118743343982961,0.110326597217004,101.5
11.27,203.5,1.20728525948062,0.028393966282165,0.475054283759334,96.24
5.18,218.4,1.14217863207774,0.113899613899614,0.21599807004933,14.54
5.24,143.9,1.15590499824659,0.114503816793893,0.135456185157902,2.93
8.3,171.2,1.15838208399505,0.109638554216867,0.081772303844942,49.45
3.61,109.1,1.15222546306964,0.385041551246537,-0.543135363104247,17.61
16.74,184.2,1.13044151731738,0.0824372759856631,0.260130958967821,101.5
8.12,278.6,1.3103732984264,0.0467980295566503,0.384284974581804,35.88
5.92,217.6,1.11566192262803,0.0743243243243243,-0.00374891238893522,15.24
11.35,306.6,1.27960451555644,0.0669603524229075,0.130994827208668,96.7
8.41,166.8,1.13963372981753,0.114149821640904,0.0480573326185142,63.59
8.02,146.8,1.20563557877415,0.0897755610972569,0.305325543562664,56.33
6.24,174.6,1.14340600530458,0.145833333333333,0.120689093822625,26.24
11.9,6.89,1.20164842667184,0.120168067226891,0.072087233722716,100.58
7.91,159.3,1.14594660454734,0.145385587863464,0.258816864256262,57.82
8.48,85.5,1.17705905213051,0.027122641509434,1.37315830533617,9.12
9.43,243.5,1.16728215240307,0.088016967126193,0.0718132609622923,68.61
12.39,87.8,1.26174469345794,0.0637610976594027,0.367645646635231,77.29
7.2,73.85,1.18115781298336,0.025,0.680527595756578,17.16
12.82,168,1.14646466563542,0.0452418096723869,0.418185288045686,101.08
8.86,71,1.25629462125776,0.112866817155756,0.323266230493189,54.88
8.47,286.4,1.26776667508579,0.0578512396694215,0.404453691507366,11.59
12.51,172.3,1.20769902458635,0.0287769784172662,0.444749576301239,101.46
8.04,182.3,1.1999348520157,0.1181592039801,0.0959765841127075,81.37
4.24,114,1.22071541029914,0.283018867924528,-0.312264855058988,20.74
9.74,143.4,1.16301222612287,0.0841889117043121,0.404066100904058,71.62
4.31,10.27,1.14932078213765,0.0556844547563805,0.0733491666210161,2.19
7.79,135,1.16687414340158,0.181001283697047,-0.00569546482090004,30.5
5.85,2.86,1.13458455847111,0.0598290598290598,0.128973060262685,4.62
6.95,285.4,1.25595961894893,0.0892086330935252,0.0386871328997036,11.67
9.72,352.3,1.18878679075018,0.0679012345679012,0.185805959837242,75.18
9.61,70.78,1.18516462005288,0.0572320499479709,0.376956857314802,71.67
4.49,351.1,1.14027086842147,0.207126948775056,0.515530076310735,0.71
5.89,307,1.18728172923447,0.256366723259762,0.0884762701013863,22.83
6.48,225,1.12551458697876,0.152777777777778,0.332144382894373,23.61
4.96,192.4,1.13430297692999,0.145161290322581,0.0774661299352681,8.19
5.2,102.5,1.17128004365037,0.298076923076923,0.0431320360750274,13.15
5.85,162.8,1.14698014653435,0.157264957264957,0.141077886204799,21.18
8.03,290,1.22717083649135,0.0846824408468244,0.139853855647039,47.24
8.16,195.8,1.11121854161391,0.113970588235294,0.241300753513133,43.55
10.41,216.1,1.28530205589764,0.0432276657060519,0.236164716819733,67.09
9.55,215.9,1.14018985343169,0.124607329842932,0.0805224867746636,73.64
12.3,341.7,1.23878347272411,0.0699186991869919,0.286822175357405,87.47
5.53,185.2,1.22213999394057,0.10126582278481,-0.243249175165815,72.44
8.15,175.4,1.15542560300018,0.104294478527607,0.269130841165059,58.97
6.59,320.1,1.21279066724711,0.0409711684370258,0.215754252281204,26.96
8.93,238.2,1.14732703359136,0.0683090705487122,0.550423408750523,53.31
5.21,201.7,1.21609359656167,0.036468330134357,0.095832629903126,5.86
9.07,350.7,1.17700887363159,0.0738699007717751,0.455006826461678,73.07
13.74,133.1,1.14102233068203,0.134643377001456,0.0539994122521744,101.05
4.22,324.8,1.23958296398186,0.206161137440758,-0.0571576115002991,3.82
7.38,283.6,1.31880192127946,0.037940379403794,0.376270388292028,12.79
6.01,340.2,1.22911305141422,0.0532445923460899,0.241846115745451,5.36
10.78,6.86,1.21011437111499,0.0714285714285714,0.191399884658376,89.82
10.21,88.9,1.18357591786987,0.0685602350636631,0.705999702511813,36.88
9.68,166.7,1.13541119097962,0.0237603305785124,0.459803150065775,65.04
7.43,63.33,1.15912115282073,0.0471063257065949,0.822788483239525,35.18
13.87,192.6,1.15764941622912,0.103821196827686,0.13876877865542,101.41
7,310.1,1.16144333847633,0.135714285714286,0.147589852355766,25.85
5.85,273.6,1.15396611703146,0.0256410256410256,0.27877566066447,8.48
6.29,226.6,1.16863072384025,0.068362480127186,0.183981774293621,15.1
11.45,237.7,1.16155062560795,0.0768558951965066,0.512692821231712,86.27
6.2,198.8,1.22890304655623,0.0516129032258065,-0.148945719481625,22.74
18.23,235,1.19427430732407,0.0674712013165112,0.451022006628891,101.44
7.17,292.2,1.25196845226694,0.0725244072524407,0.134080442881498,7.3
5.78,103.6,1.1620294447229,0.186851211072664,0.0309584114282876,34.88
4.24,327.8,1.19086526950518,0.101415094339623,0.243362858005817,0.46
4.83,253.9,1.14277709441053,0.107660455486542,0.113208196719514,2
10.51,7.21,1.18641001645628,0.0922930542340628,0.0621513501572269,97.59
9.52,172.4,1.24086598809059,0.0514705882352941,0.189881094812419,66.88
9.25,303.6,1.15313749897174,0.0259459459459459,0.483678849528043,65.45
3.83,108,1.1684727687799,0.248041775456919,-0.323266230493189,21.41
12.54,89.4,1.194336935798,0.0725677830940989,0.321541832629075,93.4
4.5,126.6,1.1907110881195,0.271111111111111,-0.329674977344683,44.47
6.02,152.8,1.16604755353889,0.134551495016611,0.00369281891069567,18.15
9.43,144.1,1.21879985052801,0.0710498409331919,0.0938179214581437,69.11
10.35,174.9,1.16277285377327,0.0859903381642512,0.038969948034179,98
7.29,356,1.21189271752819,0.037037037037037,0.593767602625858,45.32
12.67,186.8,1.19427221268653,0.0702446724546172,0.317994757078981,101.41
8.4,265,1.18385607490562,0.0738095238095238,0.0780403365825542,37.38
5.28,13.95,1.26720846072996,0.0662878787878788,0.0553738950703594,26.85
6.16,85.8,1.17996791403198,0.0616883116883117,0.819206566993544,15.44
3.58,142,1.15033210027763,0.256983240223464,0.429936026847333,2.11
9.81,1.81,1.21515367412356,0.0570846075433231,0.42819438800021,80.19
4.53,149.2,1.14770269852259,0.0706401766004415,0.115741450085143,5.95
5.52,329.4,1.1263934196885,0.16304347826087,0.0611947811065009,5.45
10.32,353,1.19570246977141,0.150193798449612,0.0655277626414602,85.8
6.85,198.1,1.14346323573381,0.0175182481751825,0.0392569286628947,22.84
5.96,323.4,1.18000490387646,0.0385906040268456,0.376832784091892,14.83
4.57,0,1.25951926168872,0.0962800875273523,-0.00969971001270605,4.05
8.87,99.9,1.15953263192324,0.139797068771139,0.340318266250906,65.07
5.6,245.6,1.13193931263793,0.2125,0.130698287582946,13.61
6.6,248.9,1.1458023700176,0.0257575757575758,0.200627359561954,18.52
9.26,324.3,1.32320869417032,0.0237580993520518,0.543540726768358,78.74
9.99,217.6,1.12080445304758,0.11011011011011,0.0769138166277283,64.8
4.89,159.3,1.13239435497824,0.184049079754601,-0.0360450921954522,9.72
8.8,343.2,1.21489918789567,0.0477272727272727,0.352101072680151,53.55
4.62,88,1.26666894064465,0.0606060606060606,0.33121402473913,-0.15
11.02,54.39,1.23235543662599,0.0662431941923775,0.160892796388017,95.39
12.19,8.87,1.20791961736856,0.0779327317473339,0.166433777447582,101.39
12.09,258.1,1.24404898089256,0.11166253101737,0.0899861811534586,99.39
9.93,332.6,1.15653026536453,0.127895266868077,0.065835858441621,76.87
11.5,137.4,1.23691149438998,0.103478260869565,0.147737300333726,81.81
7.94,39.33,1.24273924061812,0.103274559193955,0.042364222411314,43.88
10.01,249.9,1.26574885315236,0.050949050949051,0.32692510650533,72.13
14.23,210.2,1.16279664234746,0.0709768095572734,0.286147936288635,101.41
6.09,177.2,1.14138166960895,0.119868637110016,-0.283801429482577,46.97
10.97,5.84,1.18764983305088,0.113035551504102,0.161653469631923,97.64
11.69,192.1,1.14315247639533,0.11377245508982,0.400801806920887,96.71
7.18,167.3,1.14513434271478,0.0919220055710307,0.117519202910703,33.81
10.11,322.7,1.26088290383624,0.0573689416419387,0.180724618520499,83.14
14.39,229,1.14589443339278,0.0910354412786657,0.196783225182634,101.21
4.19,224.8,1.19710608729742,0.0692124105011933,0.092000753271886,0.96
10.2,59.47,1.23391324225814,0.117647058823529,0.120821748130835,78.75
3.55,2.09,1.25558258317994,0.250704225352113,-0.109863438673426,0.44
10.09,327.8,1.20526691171459,0.0396432111000991,0.431107937693812,78.17
10.56,297.8,1.29045442288059,0.0435606060606061,0.251392558307613,67.33
12.66,164.4,1.21770695870093,0.0837282780410743,0.384022967101188,101.52
9.94,196.5,1.14516016112869,0.0563380281690141,0.529995512298984,78.21
13.08,274.1,1.17024981066938,0.0833333333333333,0.378643121684438,101.09
8.51,169.4,1.1268359483464,0.082256169212691,0.179316373000901,59.82
9.51,197,1.13197739682912,0.0683491062039958,0.395189872813615,62.26
8.4,211.4,1.18970368752489,0.117857142857143,0.116719449356161,51.22
10.96,349.4,1.20697367922384,0.0821167883211679,0.282750073006808,89.3
13.05,184.3,1.22724056354138,0.081992337164751,0.401916468511342,101.45
9.8,269.7,1.16203714644846,0.105102040816327,0.0388696599756853,67.81
4.39,211.6,1.11175676707725,0.0318906605922551,0.114200526106627,0.41
6.42,147.3,1.16025559959245,0.101246105919003,0.343557710430807,29.43
4.58,141.6,1.11147054188336,0.213973799126638,0,0.11
7.04,316.6,1.19200388124319,0.159090909090909,0.0126566158004159,26.17
8.35,242.9,1.13641542619112,0.0491017964071856,0.618706598825402,46.15
8.76,172.2,1.1616391283851,0.108447488584475,0.782137591604752,68.08
8.98,305.4,1.26704042074868,0.0968819599109131,0.0831641004977494,73.01
10.63,243.9,1.15431696024837,0.0818438381937912,0.304079316090531,73.47
7.67,222.4,1.13642826926974,0.132985658409387,0.0766017310530848,52.14
7.57,225.1,1.14302015805953,0.101717305151915,0.553620972539751,44.6
7.3,279.9,1.16895294490644,0.0821917808219178,0.327242085466007,13.77
10.06,208,1.20251956928043,0.036779324055666,0.556650592921073,87.5
4.39,165,1.14676627715126,0.173120728929385,0.0305678686033295,2.76
3.74,284.9,1.18533045751647,0.0481283422459893,0.160046995293296,-0.87
4.11,151.6,1.13301870117424,0.131386861313869,0.0547128662153124,4.81
7.94,202.5,1.14158111240435,0.157430730478589,0.12663289168594,55.4
7.76,260.3,1.15118554962938,0.0180412371134021,0.264129241504629,16.47
8.27,177.4,1.18110169011446,0.103990326481258,-0.0869116107125997,56.8
7.53,211.8,1.12451556429041,0.168658698539177,0.0446942656997365,41.21
8,170.6,1.12705048113914,0.055,0.367534587908518,40.5
6.71,214.5,1.19151340511583,0.0625931445603577,0.0367153824172577,25.57
15.16,202.9,1.17305502914104,0.0672823218997362,0.289081426393155,101.42
12.69,195.4,1.20343080713871,0.0441292356185973,0.450603272797002,101.47
9.39,204.5,1.19899212731178,0.0564430244941427,0.301001415730185,69.76
4.63,101.3,1.23617798700828,0.291576673866091,-0.107688720381151,12.53
10.26,183.3,1.11941836799169,0.0779727095516569,0.0614608792504448,74.57
13.07,258.1,1.21163547821741,0.0711553175210406,0.293934924762138,93.53
9.72,197.3,1.26625711114524,0.0534979423868313,0.421492920850351,82.37
9.13,82.5,1.19703709695432,0.0273822562979189,0.60600494856461,32.34
13,142.7,1.13247863210408,0.115384615384615,0.0853419535192905,94.98
6.81,182.4,1.15841293636035,0.190895741556535,0.240926489519608,33.37
11.24,216.7,1.14521794314226,0.146797153024911,0.170394915840864,95.43
10.89,170.4,1.14945921373664,0.0550964187327824,0.180514530908112,90.33
6.66,182.9,1.13267817352219,0.16966966966967,0.134035974256294,36.72
6.42,325.2,1.20373267665362,0.0264797507788162,0.291666777687411,19.03
9.36,3.79,1.19767136887492,0.0886752136752137,0.216694964568683,66.95
9.09,274.9,1.24580139969338,0.0396039603960396,0.275411160112456,59.59
10.67,172.3,1.17221847068847,0.108716026241799,0.0377912151056532,89.6
7.05,177.3,1.14883102321154,0.121985815602837,0.183840297444412,43.63
10.32,224.5,1.15427446511727,0.0804263565891473,0.238338830902193,89.06
9.33,315.4,1.20759599142346,0.126473740621651,0.070137206088905,79.27
4.9,96.7,1.21021647112632,0.13469387755102,0.27983012546622,13.14
9.67,68.68,1.25979919059549,0.0816959669079628,0.37440920802788,82.75
4.91,166.8,1.13121396105053,0.0672097759674134,0.258797586398942,5.96
10.23,189.9,1.1181358692183,0.108504398826979,0.0505096320777124,80.01
11.21,219.4,1.23717169386307,0.0383586083853702,0.346701467817281,96.06
7.2,67.86,1.2031317974049,0.0347222222222222,0.78785427220014,21.7
8.9,148.9,1.15712269849925,0.0640449438202247,0.35659200310221,54.67
10.32,300.8,1.26000342507443,0.0707364341085271,0.135333945251881,79.56
8.66,145.8,1.13973318403759,0.0612009237875289,0.284180515640265,57.65
7.55,276.8,1.18231335227982,0.13112582781457,0.0596339188938461,45.55
9.92,86.1,1.18515884435498,0.0524193548387097,0.777591261536747,40.89
9.55,279.9,1.18044394939787,0.0460732984293194,0.363045141298088,15.83
8.55,294.8,1.24777360975174,0.0807017543859649,0.156034282114761,54.99
13.52,137.4,1.205000580001,0.0399408284023669,0.277906610521076,100.72
10.09,244,1.15005683673924,0.0812685827552032,0.117528900805475,47.37
11.34,47.75,1.23202087832725,0.0837742504409171,0.168833727782914,99.88
9.78,195.7,1.1803711535658,0.0337423312883436,0.511036889457986,60.59
13.6,90.4,1.20821922747362,0.0992647058823529,0.429282819942707,101.38
10.58,203.7,1.20984408575951,0.0283553875236295,0.48100533906229,87.98
9.3,135.3,1.21651200614265,0.11505376344086,-0.0355404392197105,67.26
7.56,64.67,1.1681905394395,0.0608465608465609,0.797299630429278,36.7
5.81,247.1,1.14650981168057,0.0877796901893288,0.373847744293223,17.12
13.38,287.3,1.19687168303136,0.112855007473842,0.206896721250165,101.04
4.36,230.4,1.13677970094515,0.142201834862385,0.115007006424925,9.73
5.07,129.7,1.2070255044395,0.256410256410256,-0.232715218524205,21.28
6.75,255.3,1.11941173711459,0.0222222222222222,0.199563454052927,9.08
8.15,3.06,1.2018769003839,0.0257668711656442,0.865480230555831,56.64
8.94,195.4,1.12012475520658,0.0838926174496644,0.210960582527413,38.22
8.96,68.84,1.25967206974014,0.0859375,0.374448654728606,68.16
5.79,271.5,1.15933848344919,0.172711571675302,0.0780829102238091,9.7
8.42,218.9,1.26760391146943,0.0843230403800475,0.0696703453399557,48.38
9.44,256.9,1.14211785314186,0.0773305084745763,0.207004818946159,63.96
4.94,344.5,1.14664975999814,0.145748987854251,0.212155523937217,4.71
7.62,167.2,1.12336344775059,0.140419947506562,0.125933401816147,39.58
12.04,201,1.26257897847589,0.0490033222591362,0.34887059192355,101.39
4.48,51.67,1.13732389806671,0.180803571428571,0.169956778978604,5.51
6.21,60.17,1.21745138459133,0.161030595813205,0.178687663666623,22.07
7.56,215.6,1.12817287945669,0.0687830687830688,0.308387685173948,36.33
7.03,278.5,1.16669521643774,0.207681365576102,0.13683455099436,7.67
5.27,176.1,1.15290544092275,0.104364326375712,0.0169237394929056,9.12
8.69,195.6,1.23573981331417,0.095512082853855,0.0859938383367443,66
4.72,110,1.22033170871927,0.226694915254237,-0.488110780210333,30.69
8.42,265.9,1.17417454415768,0.0866983372921615,0.461620688803048,47.93
6.31,304.4,1.14986837509329,0.0285261489698891,0.366589845270266,19.9
10.88,292.3,1.22876850949667,0.0441176470588235,0.259582585630063,99.11
14.06,266.4,1.2503301386775,0.0746799431009957,0.123433423990996,101.56
8.09,278.2,1.301891513316,0.065512978986403,0.418748967365922,53.8
8.93,199.7,1.13316668138863,0.0615901455767077,0.456818404340254,53.36
11.17,241.1,1.24251428191914,0.081468218442256,0.318012867969285,101.34
13.06,229.5,1.21386018763116,0.113323124042879,0.0743649777341823,101.48
4.68,335.9,1.17808007578503,0.108974358974359,-0.0047411545496115,3.8
6.13,231.4,1.15099005119448,0.0717781402936379,0.23685004325078,15.92
7.39,280.9,1.24774242823026,0.127198917456022,0.00903552458059904,27.48
15.66,186.4,1.13746987585888,0.0919540229885057,0.187863130684141,101.5
5.81,330.5,1.18831601781149,0.144578313253012,0.0114990596580542,22.89
4.3,242.6,1.26194451782546,0.0837209302325581,0.239776985735968,5.82
11.57,55.05,1.22046017057079,0.0838375108038029,0.312844498547521,99.09
9.4,292.1,1.28982947262064,0.0797872340425532,0.21833214055296,33.35
7.5,287,1.18634506144272,0.0653333333333333,0.169171904628719,40.42
7.5,191.8,1.24284904146176,0.0786666666666667,0.0509272625880863,43.7
7.42,357.5,1.20748014188408,0.0902964959568733,0.230042098064358,43.16
6.73,278.6,1.16486045190681,0.203566121842496,0.108209161048283,11.44
9.35,296.7,1.24697291112619,0.0898395721925134,0.240638786569426,52.83
8.55,247.6,1.269505430116,0.0385964912280702,0.564917620461881,43.67
6.97,58.12,1.15922545966365,0.0430416068866571,0.937585696252215,32.82
8.37,173.7,1.14410377123446,0.158900836320191,0.188211711250979,48.33
9.44,291.9,1.2533063522952,0.0741525423728814,0.0451630017370635,52.22
6.45,351,1.16207901291416,0.0294573643410853,0.394670772539421,20.15
7.25,192.4,1.2919350507066,0.0606896551724138,0.0684466780628414,51.19
8.02,278,1.16861018595308,0.0324189526184539,0.19680004901883,17.3
4.79,183.4,1.1379161258404,0.242171189979123,0.0327000867648212,2.84
8.06,199.6,1.2128295026782,0.0334987593052109,0.306863685070823,44.03
10.79,192.4,1.18898080541618,0.0268767377201112,0.715092199525792,80.33
11.1,207.8,1.26005753892668,0.0477477477477478,0.301755619883839,99.48
16.4,188.4,1.13962145872414,0.0439024390243902,0.37537922275824,101.31
13.23,196.4,1.22363061802645,0.055177626606198,0.352219562547889,101.5
10.95,313,1.26400583835365,0.073972602739726,0.166327959706683,96.08
9.53,333.1,1.26426976220595,0.0241343126967471,0.399856324242453,72.06
4.03,69.96,1.25795067041982,0.0744416873449131,0.238320993636824,3.62
9.85,314.6,1.20433690533287,0.067005076142132,0.103868640241895,74.01
7.39,66.17,1.19331140685209,0.12043301759134,0.221043179355526,42.88
8.61,17.34,1.21276812211057,0.024390243902439,0.573760304071512,61.29
9.66,71.38,1.23735452028385,0.0890269151138716,0.310443428090857,57.23
13.47,221.9,1.14567863865988,0.103934669636229,0.176694193852888,101.45
5.07,72.05,1.17409927467779,0.102564102564103,0.50993765151643,17.1
7.68,155.8,1.16923318416393,0.10546875,0.0915187677946396,33.81
9.19,250.4,1.13851614884134,0.0337323177366703,0.643040071365237,47.96
10.3,205.1,1.13097921000109,0.0388349514563107,0.460883049650465,76.1
5.74,126.3,1.15362320495944,0.231707317073171,-0.35343309463134,83.11
5.27,178.6,1.1385402131091,0.240986717267552,-0.0827369413202517,24.96
8.44,340.2,1.23037560679949,0.126777251184834,0.0184993460041546,56.85
9.62,285.1,1.27411584867182,0.0810810810810811,0.113691171254415,36.56
5.59,189.8,1.30562800068547,0.130590339892665,-0.0393845435582095,14.21
8.28,127.1,1.15215075299576,0.225845410628019,-0.0971040765287282,77.82
6.14,159.8,1.13574390339983,0.179153094462541,0.0623672862409278,20.22
14.95,184.6,1.15513301338382,0.120401337792642,0.179403439089935,101.52
11.43,165.8,1.14389823503975,0.0463692038495188,0.344024159416807,89.15
8.5,233.8,1.27655628024014,0.0917647058823529,0.0609320155705576,50.07
7.81,177.3,1.11642857439877,0.17157490396927,0.11977975039583,62.13
7.31,80.4,1.25549246041108,0.0287277701778386,1.18381909083685,23.45
9.52,158.8,1.18062198121323,0.0651260504201681,-0.10704050779209,101.06
9.47,66.89,1.25951238847968,0.101372756071806,0.295598937973254,64.46
10.05,190.1,1.12861055575475,0.113432835820896,0.0718762023341673,80.1
9.35,314,1.27654833563947,0.0695187165775401,0.157495323486927,74.62
12.33,75.37,1.19941948052384,0.0665044606650446,0.751710022886815,92.36
10.28,298.3,1.30435200125478,0.0340466926070039,0.363026491428868,70.94
5.12,219.9,1.19010413954381,0.15234375,0.120336769281768,12.09
5.26,108.6,1.20295749473484,0.273764258555133,-0.021014632271496,13.55
10.18,87.9,1.18219950889874,0.0609037328094303,0.65799929895805,28.65
5.79,221.8,1.16297484132499,0.101899827288428,0.126285092447183,10.85
9.08,291.5,1.19127354800582,0.0352422907488987,0.658665099465926,11.93
11.08,246.8,1.24284738192873,0.0712996389891697,0.302339113561515,94.58
13.3,281.9,1.17482554325206,0.0601503759398496,0.423762421642843,79.12
12.33,65.14,1.20876604217264,0.0908353609083536,0.323270934112363,101.39
4.7,221.9,1.13801703253823,0.0978723404255319,0.0818313798981685,4.88
7.18,260.5,1.15091646758977,0.0278551532033426,0.596114016576009,14.33
6.21,227.2,1.12308928380679,0.172302737520129,0.19815518585257,23.16
6.42,183.9,1.12230589417488,0.0576323987538941,0.485297760916309,20.85
8.19,258.2,1.27273308804083,0.0231990231990232,0.310985919255642,38.96
7.16,25.07,1.19949673249208,0.0349162011173184,0.341370272718148,40.63
14.84,138.1,1.2213917156221,0.0822102425876011,0.193816638833259,101.48
5.75,156.7,1.10956810325905,0.168695652173913,0.214798395596523,19.73
9.51,290.8,1.29656008942732,0.0389064143007361,0.299608990441686,20.89
12.75,253.9,1.24240283495764,0.0635294117647059,0.192797207790718,100.87
8.29,134.7,1.15867306477697,0.16043425814234,-0.0477132201477563,47.13
9.61,198.9,1.11999335857457,0.0385015608740895,0.393451215756238,67.48
10.32,195,1.22013926758101,0.0881782945736434,0.202684292282782,80.1
8.6,184.4,1.14713084485045,0.144186046511628,0.608228405988835,62.94
4.01,119.3,1.14514407299648,0.254364089775561,-0.494545042801221,26.9
15.7,175.4,1.18777728405923,0.0522292993630573,0.232458505051399,101.52
7.19,206.1,1.13138456183194,0.161335187760779,0.318335228737789,26.85
12.68,190.8,1.14348150528031,0.0701892744479495,0.457444981383535,100.34
6.67,352,1.15884569786317,0.0299850074962519,0.609236854508762,12.93
7.26,314.4,1.19422912113895,0.0289256198347107,0.430828141284095,31.79
12.22,207.9,1.25994849242341,0.0597381342062193,0.377519496799397,101.48
10,2.8,1.21531308528627,0.051,0.446229443091954,87.21
12.23,290.6,1.22794319702671,0.0703188879803761,0.0984073951490999,85.3
8.94,268.1,1.15704542902189,0.023489932885906,0.450157241217746,30.68
8.17,322.7,1.20436957224973,0.0379436964504284,0.381718957049133,51.42
5.4,40.54,1.17928554116701,0.114814814814815,0.122610898499956,15.44
5.69,133.9,1.25370650365935,0.21792618629174,-0.0767340574002686,33.48
9.95,285.8,1.27642049008025,0.0592964824120603,0.145290486226707,31.82
3.87,181.1,1.21197499134213,0.0697674418604651,0.0115089898057982,-0.52
8.37,73.51,1.18392845560613,0.041816009557945,0.957072111718248,35.21
4.26,254.7,1.22898754094874,0.039906103286385,0.085033543695459,-0.52
4.57,313.6,1.12904369844044,0.102844638949672,0.0195274230246066,1.04
9.32,151.9,1.1316083763334,0.0718884120171674,0.406885577129163,63.08
10.46,311.1,1.19589449985712,0.102294455066922,0.0844017488671949,84.97
11.25,197.4,1.19076914974128,0.0382222222222222,0.442009436274474,96.3
5.42,122.7,1.24764869918709,0.142066420664207,-0.218401896231236,70.73
13.78,192.8,1.20754285946486,0.0203193033381713,0.572318525090596,101.46
8.98,83.6,1.2679185775519,0.0579064587973274,0.550114682542088,53.7
4.93,94.1,1.11756468013372,0.0811359026369168,0.163571359480796,0.97
5.98,331.4,1.19560856538919,0.167224080267559,0.0602404394964737,18.55
9.21,153,1.19225085909451,0.0912052117263843,0.231084193536113,79.95
6.46,99.6,1.2464304747626,0.0557275541795666,0.337252448081357,23.95
5.64,2,1.15331279883219,0.0301418439716312,0.597391299063448,18.41
8.84,57.02,1.22047678755563,0.0248868778280543,0.618996850968003,64.18
5.42,297,1.21282296170645,0.029520295202952,-0.0244541559452214,5.35
6.02,57.72,1.22574042103114,0.0581395348837209,0.425737433684495,21.14
4.65,109.8,1.15366621623346,0.223655913978495,-0.0981144380440244,15.67
5.02,141.2,1.15404412760818,0.0836653386454183,-0.00442035979349759,3.63
6.77,253.9,1.15297612348597,0.149187592319055,0.0972467328380262,13.3
7.43,274,1.13965171188706,0.10228802153432,0.419976357432511,20.42
5.45,116.4,1.19012316045313,0.192660550458716,-0.363843057472961,74.36
12.29,237.8,1.21338658358015,0.127746135069162,0.1475760558529,101.35
6.93,158.6,1.13211712524989,0.103896103896104,0.276093825067729,34.21
9.33,136.8,1.16892912759746,0.0428724544480171,0.209564203827711,38.34
6.49,321.5,1.25503381500064,0.0477657935285054,0.253509518274868,24.23
4.32,111.5,1.25999858288508,0.226851851851852,-0.428844216785116,24.14
10.59,288,1.21591001717474,0.0679886685552408,0.234263010278733,85.7
10.42,149.9,1.18930890780463,0.0585412667946257,0.300871437904071,92.12
5.75,275.6,1.15417653643838,0.16,0.0866547144632674,2.1
8.05,289.2,1.25024548653875,0.0906832298136646,0.13362673898032,16.72
5.66,164.4,1.15019791434406,0.0706713780918728,0.154370590460633,11.28
9.78,271.7,1.17489738163924,0.0552147239263804,0.429643485222323,77.04
11.86,260.8,1.2615129908588,0.0598650927487352,0.0937205506527558,87.16
9.31,342.5,1.26483331046598,0.0204081632653061,0.424628792347386,41.56
5.35,50.83,1.15306866476413,0.0635514018691589,0.364658337373166,6.03
7.08,173.7,1.12750038420419,0.121468926553672,-0.0187446687353445,49.8
7.07,305.5,1.19179741390623,0.151343705799151,0.122715421620796,30.68
8.01,232.6,1.22139975164009,0.0599250936329588,0.152060899014953,49.31
9.42,63.18,1.21305242248878,0.0987261146496815,0.24664164693918,89.01
14.75,168.8,1.13943846812182,0.0494915254237288,0.328892037629102,101.33
12.2,206.2,1.25646294552071,0.0360655737704918,0.48203986315684,99.98
8.49,209.4,1.15525792393556,0.0447585394581861,0.338483152287084,45.48
10.5,55.3,1.25555253056019,0.0895238095238095,0.274352366677336,95.49
11.27,222.6,1.16615023180715,0.0567879325643301,0.258914852639314,100.58
8.96,266.8,1.21945108586376,0.0234375,0.354003263249662,48.18
9.69,308,1.23783990527595,0.114551083591331,0.236833402361486,67.22
5.14,165.7,1.17733741101812,0.124513618677043,0.438066442689195,20.95
6.02,184.1,1.14066484416822,0.0946843853820598,0.58794305894668,18.12
12.41,168.7,1.14694608170768,0.0491539081385979,0.459700809093684,100.11
10.19,249.2,1.16091291368609,0.110893032384691,0.0663763551627119,69.58
7.64,210,1.16691951015341,0.0209424083769634,0.328396103126796,34.52
4.8,270.2,1.16369596569348,0.25625,-0.0138394844161946,4.59
8.37,221.2,1.12440012161424,0.0931899641577061,0.441905819627389,52.32
5.95,183.5,1.12211267619669,0.0672268907563025,0.368691177397378,17.89
8.24,270.9,1.21302760447182,0.087378640776699,0.0684351745326619,36.73
5.09,102.8,1.22879943995194,0.212180746561886,-0.106503144599942,12.76
15.01,135.9,1.20868743575779,0.103264490339773,0.250368053077796,101.21
11.93,245.7,1.2356703911993,0.0905280804694049,0.136290980583267,88.85
7.51,167.5,1.14656418332172,0.0292942743009321,0.33797200430356,33.21
12.87,172,1.13258859927354,0.112665112665113,0.342691792498301,101.41
6.17,219.4,1.12984369066675,0.141004862236629,0.106934626529674,25.4
6.02,292,1.15886922705922,0.129568106312292,0.0712354233319145,16.48
8.18,24.28,1.25897913739753,0.0660146699266504,0.30827213753363,58.51
8.58,322.2,1.19517668374359,0.0244755244755245,0.234605318526191,50.33
9.69,336.9,1.2642960154145,0.0526315789473684,0.265064320440104,79.6
6.69,189.9,1.22729051518571,0.0508221225710015,0.179730911020734,24.02
10.66,200.5,1.20587422373254,0.0215759849906191,0.443653052794776,90.98
9.11,150.2,1.1306952768569,0.0493962678375412,0.507265069194297,58.68
4.93,63.7,1.17102066296383,0.184584178498986,0.355962030451527,27.95
8.82,175.2,1.15289159242303,0.0782312925170068,0.369005999885776,57.01
8.17,60.61,1.19716254534985,0.0722154222766218,0.549311997184143,52.27
6.08,238.3,1.15082921104162,0.0773026315789474,0.37738484823371,17.27
